text,label
URGENT: Your bank account has been locked! Click http://login-secure-update-bank.com immediately to restore access.,1
Action Required: Verify your PayPal account credentials within 24 hours at http://192.168.1.1/login or your account will be suspended.,1
"Dear customer, you have won $10,000! Click here http://bit.ly/claim-prize-now to claim your reward.",1
Security Alert: Microsoft Office 365 password expiring today. Update now at http://microsoft-auth-service-portal.xyz.,1
Invoice Overdue: Please download the attachment and complete payment immediately at http://overdue-invoice-portal.top.,1
Your Amazon order has been suspended. Update your credit card at http://amazon-account-verify.info.,1
IT Helpdesk: Critical password reset required for all employees. Go to http://company-it-desk.tk.,1
Important Tax Document Available. Access your W2 form now at http://irs-tax-portal-online.biz.,1
"Hi Team, please find attached the meeting notes from yesterday's project sync. Best regards, Sarah.",0
Your monthly statement for account ending in 4321 is now available in your official online banking app.,0
Reminder: Annual company townhall scheduled for Thursday at 10 AM EST in Conference Room B.,0
Thanks for your order! Your tracking number is 1Z9999999999999999. Track package on official UPS portal.,0
"Security Alert: New login detected from Chrome on MacOS. If this was you, no action is needed.",0
Your weekly performance analytics report is ready for download in the HR internal dashboard.,0
"Hey, are we still meeting for lunch today at 12:30 PM?",0
Project update: Sprint retrospective results have been updated in Jira.,0
URGENT: Your bank account has been locked! Click http://login-secure-update-bank.com immediately to restore access.,1
Action Required: Verify your PayPal account credentials within 24 hours at http://192.168.1.1/login or your account will be suspended.,1
"Dear customer, you have won $10,000! Click here http://bit.ly/claim-prize-now to claim your reward.",1
Security Alert: Microsoft Office 365 password expiring today. Update now at http://microsoft-auth-service-portal.xyz.,1
Invoice Overdue: Please download the attachment and complete payment immediately at http://overdue-invoice-portal.top.,1
Your Amazon order has been suspended. Update your credit card at http://amazon-account-verify.info.,1
IT Helpdesk: Critical password reset required for all employees. Go to http://company-it-desk.tk.,1
Important Tax Document Available. Access your W2 form now at http://irs-tax-portal-online.biz.,1
"Hi Team, please find attached the meeting notes from yesterday's project sync. Best regards, Sarah.",0
Your monthly statement for account ending in 4321 is now available in your official online banking app.,0
Reminder: Annual company townhall scheduled for Thursday at 10 AM EST in Conference Room B.,0
Thanks for your order! Your tracking number is 1Z9999999999999999. Track package on official UPS portal.,0
"Security Alert: New login detected from Chrome on MacOS. If this was you, no action is needed.",0
Your weekly performance analytics report is ready for download in the HR internal dashboard.,0
"Hey, are we still meeting for lunch today at 12:30 PM?",0
Project update: Sprint retrospective results have been updated in Jira.,0
URGENT: Your bank account has been locked! Click http://login-secure-update-bank.com immediately to restore access.,1
Action Required: Verify your PayPal account credentials within 24 hours at http://192.168.1.1/login or your account will be suspended.,1
"Dear customer, you have won $10,000! Click here http://bit.ly/claim-prize-now to claim your reward.",1
Security Alert: Microsoft Office 365 password expiring today. Update now at http://microsoft-auth-service-portal.xyz.,1
Invoice Overdue: Please download the attachment and complete payment immediately at http://overdue-invoice-portal.top.,1
Your Amazon order has been suspended. Update your credit card at http://amazon-account-verify.info.,1
IT Helpdesk: Critical password reset required for all employees. Go to http://company-it-desk.tk.,1
Important Tax Document Available. Access your W2 form now at http://irs-tax-portal-online.biz.,1
"Hi Team, please find attached the meeting notes from yesterday's project sync. Best regards, Sarah.",0
Your monthly statement for account ending in 4321 is now available in your official online banking app.,0
Reminder: Annual company townhall scheduled for Thursday at 10 AM EST in Conference Room B.,0
Thanks for your order! Your tracking number is 1Z9999999999999999. Track package on official UPS portal.,0
"Security Alert: New login detected from Chrome on MacOS. If this was you, no action is needed.",0
Your weekly performance analytics report is ready for download in the HR internal dashboard.,0
"Hey, are we still meeting for lunch today at 12:30 PM?",0
Project update: Sprint retrospective results have been updated in Jira.,0
URGENT: Your bank account has been locked! Click http://login-secure-update-bank.com immediately to restore access.,1
Action Required: Verify your PayPal account credentials within 24 hours at http://192.168.1.1/login or your account will be suspended.,1
"Dear customer, you have won $10,000! Click here http://bit.ly/claim-prize-now to claim your reward.",1
Security Alert: Microsoft Office 365 password expiring today. Update now at http://microsoft-auth-service-portal.xyz.,1
Invoice Overdue: Please download the attachment and complete payment immediately at http://overdue-invoice-portal.top.,1
Your Amazon order has been suspended. Update your credit card at http://amazon-account-verify.info.,1
IT Helpdesk: Critical password reset required for all employees. Go to http://company-it-desk.tk.,1
Important Tax Document Available. Access your W2 form now at http://irs-tax-portal-online.biz.,1
"Hi Team, please find attached the meeting notes from yesterday's project sync. Best regards, Sarah.",0
Your monthly statement for account ending in 4321 is now available in your official online banking app.,0
Reminder: Annual company townhall scheduled for Thursday at 10 AM EST in Conference Room B.,0
Thanks for your order! Your tracking number is 1Z9999999999999999. Track package on official UPS portal.,0
"Security Alert: New login detected from Chrome on MacOS. If this was you, no action is needed.",0
Your weekly performance analytics report is ready for download in the HR internal dashboard.,0
"Hey, are we still meeting for lunch today at 12:30 PM?",0
Project update: Sprint retrospective results have been updated in Jira.,0
URGENT: Your bank account has been locked! Click http://login-secure-update-bank.com immediately to restore access.,1
Action Required: Verify your PayPal account credentials within 24 hours at http://192.168.1.1/login or your account will be suspended.,1
"Dear customer, you have won $10,000! Click here http://bit.ly/claim-prize-now to claim your reward.",1
Security Alert: Microsoft Office 365 password expiring today. Update now at http://microsoft-auth-service-portal.xyz.,1
Invoice Overdue: Please download the attachment and complete payment immediately at http://overdue-invoice-portal.top.,1
Your Amazon order has been suspended. Update your credit card at http://amazon-account-verify.info.,1
IT Helpdesk: Critical password reset required for all employees. Go to http://company-it-desk.tk.,1
Important Tax Document Available. Access your W2 form now at http://irs-tax-portal-online.biz.,1
"Hi Team, please find attached the meeting notes from yesterday's project sync. Best regards, Sarah.",0
Your monthly statement for account ending in 4321 is now available in your official online banking app.,0
Reminder: Annual company townhall scheduled for Thursday at 10 AM EST in Conference Room B.,0
Thanks for your order! Your tracking number is 1Z9999999999999999. Track package on official UPS portal.,0
"Security Alert: New login detected from Chrome on MacOS. If this was you, no action is needed.",0
Your weekly performance analytics report is ready for download in the HR internal dashboard.,0
"Hey, are we still meeting for lunch today at 12:30 PM?",0
Project update: Sprint retrospective results have been updated in Jira.,0
URGENT: Your bank account has been locked! Click http://login-secure-update-bank.com immediately to restore access.,1
Action Required: Verify your PayPal account credentials within 24 hours at http://192.168.1.1/login or your account will be suspended.,1
"Dear customer, you have won $10,000! Click here http://bit.ly/claim-prize-now to claim your reward.",1
Security Alert: Microsoft Office 365 password expiring today. Update now at http://microsoft-auth-service-portal.xyz.,1
Invoice Overdue: Please download the attachment and complete payment immediately at http://overdue-invoice-portal.top.,1
Your Amazon order has been suspended. Update your credit card at http://amazon-account-verify.info.,1
IT Helpdesk: Critical password reset required for all employees. Go to http://company-it-desk.tk.,1
Important Tax Document Available. Access your W2 form now at http://irs-tax-portal-online.biz.,1
"Hi Team, please find attached the meeting notes from yesterday's project sync. Best regards, Sarah.",0
Your monthly statement for account ending in 4321 is now available in your official online banking app.,0
Reminder: Annual company townhall scheduled for Thursday at 10 AM EST in Conference Room B.,0
Thanks for your order! Your tracking number is 1Z9999999999999999. Track package on official UPS portal.,0
"Security Alert: New login detected from Chrome on MacOS. If this was you, no action is needed.",0
Your weekly performance analytics report is ready for download in the HR internal dashboard.,0
"Hey, are we still meeting for lunch today at 12:30 PM?",0
Project update: Sprint retrospective results have been updated in Jira.,0
URGENT: Your bank account has been locked! Click http://login-secure-update-bank.com immediately to restore access.,1
Action Required: Verify your PayPal account credentials within 24 hours at http://192.168.1.1/login or your account will be suspended.,1
"Dear customer, you have won $10,000! Click here http://bit.ly/claim-prize-now to claim your reward.",1
Security Alert: Microsoft Office 365 password expiring today. Update now at http://microsoft-auth-service-portal.xyz.,1
Invoice Overdue: Please download the attachment and complete payment immediately at http://overdue-invoice-portal.top.,1
Your Amazon order has been suspended. Update your credit card at http://amazon-account-verify.info.,1
IT Helpdesk: Critical password reset required for all employees. Go to http://company-it-desk.tk.,1
Important Tax Document Available. Access your W2 form now at http://irs-tax-portal-online.biz.,1
"Hi Team, please find attached the meeting notes from yesterday's project sync. Best regards, Sarah.",0
Your monthly statement for account ending in 4321 is now available in your official online banking app.,0
Reminder: Annual company townhall scheduled for Thursday at 10 AM EST in Conference Room B.,0
Thanks for your order! Your tracking number is 1Z9999999999999999. Track package on official UPS portal.,0
"Security Alert: New login detected from Chrome on MacOS. If this was you, no action is needed.",0
Your weekly performance analytics report is ready for download in the HR internal dashboard.,0
"Hey, are we still meeting for lunch today at 12:30 PM?",0
Project update: Sprint retrospective results have been updated in Jira.,0
URGENT: Your bank account has been locked! Click http://login-secure-update-bank.com immediately to restore access.,1
Action Required: Verify your PayPal account credentials within 24 hours at http://192.168.1.1/login or your account will be suspended.,1
"Dear customer, you have won $10,000! Click here http://bit.ly/claim-prize-now to claim your reward.",1
Security Alert: Microsoft Office 365 password expiring today. Update now at http://microsoft-auth-service-portal.xyz.,1
Invoice Overdue: Please download the attachment and complete payment immediately at http://overdue-invoice-portal.top.,1
Your Amazon order has been suspended. Update your credit card at http://amazon-account-verify.info.,1
IT Helpdesk: Critical password reset required for all employees. Go to http://company-it-desk.tk.,1
Important Tax Document Available. Access your W2 form now at http://irs-tax-portal-online.biz.,1
"Hi Team, please find attached the meeting notes from yesterday's project sync. Best regards, Sarah.",0
Your monthly statement for account ending in 4321 is now available in your official online banking app.,0
Reminder: Annual company townhall scheduled for Thursday at 10 AM EST in Conference Room B.,0
Thanks for your order! Your tracking number is 1Z9999999999999999. Track package on official UPS portal.,0
"Security Alert: New login detected from Chrome on MacOS. If this was you, no action is needed.",0
Your weekly performance analytics report is ready for download in the HR internal dashboard.,0
"Hey, are we still meeting for lunch today at 12:30 PM?",0
Project update: Sprint retrospective results have been updated in Jira.,0
URGENT: Your bank account has been locked! Click http://login-secure-update-bank.com immediately to restore access.,1
Action Required: Verify your PayPal account credentials within 24 hours at http://192.168.1.1/login or your account will be suspended.,1
"Dear customer, you have won $10,000! Click here http://bit.ly/claim-prize-now to claim your reward.",1
Security Alert: Microsoft Office 365 password expiring today. Update now at http://microsoft-auth-service-portal.xyz.,1
Invoice Overdue: Please download the attachment and complete payment immediately at http://overdue-invoice-portal.top.,1
Your Amazon order has been suspended. Update your credit card at http://amazon-account-verify.info.,1
IT Helpdesk: Critical password reset required for all employees. Go to http://company-it-desk.tk.,1
Important Tax Document Available. Access your W2 form now at http://irs-tax-portal-online.biz.,1
"Hi Team, please find attached the meeting notes from yesterday's project sync. Best regards, Sarah.",0
Your monthly statement for account ending in 4321 is now available in your official online banking app.,0
Reminder: Annual company townhall scheduled for Thursday at 10 AM EST in Conference Room B.,0
Thanks for your order! Your tracking number is 1Z9999999999999999. Track package on official UPS portal.,0
"Security Alert: New login detected from Chrome on MacOS. If this was you, no action is needed.",0
Your weekly performance analytics report is ready for download in the HR internal dashboard.,0
"Hey, are we still meeting for lunch today at 12:30 PM?",0
Project update: Sprint retrospective results have been updated in Jira.,0
URGENT: Your bank account has been locked! Click http://login-secure-update-bank.com immediately to restore access.,1
Action Required: Verify your PayPal account credentials within 24 hours at http://192.168.1.1/login or your account will be suspended.,1
"Dear customer, you have won $10,000! Click here http://bit.ly/claim-prize-now to claim your reward.",1
Security Alert: Microsoft Office 365 password expiring today. Update now at http://microsoft-auth-service-portal.xyz.,1
Invoice Overdue: Please download the attachment and complete payment immediately at http://overdue-invoice-portal.top.,1
Your Amazon order has been suspended. Update your credit card at http://amazon-account-verify.info.,1
IT Helpdesk: Critical password reset required for all employees. Go to http://company-it-desk.tk.,1
Important Tax Document Available. Access your W2 form now at http://irs-tax-portal-online.biz.,1
"Hi Team, please find attached the meeting notes from yesterday's project sync. Best regards, Sarah.",0
Your monthly statement for account ending in 4321 is now available in your official online banking app.,0
Reminder: Annual company townhall scheduled for Thursday at 10 AM EST in Conference Room B.,0
Thanks for your order! Your tracking number is 1Z9999999999999999. Track package on official UPS portal.,0
"Security Alert: New login detected from Chrome on MacOS. If this was you, no action is needed.",0
Your weekly performance analytics report is ready for download in the HR internal dashboard.,0
"Hey, are we still meeting for lunch today at 12:30 PM?",0
Project update: Sprint retrospective results have been updated in Jira.,0
URGENT: Your bank account has been locked! Click http://login-secure-update-bank.com immediately to restore access.,1
Action Required: Verify your PayPal account credentials within 24 hours at http://192.168.1.1/login or your account will be suspended.,1
"Dear customer, you have won $10,000! Click here http://bit.ly/claim-prize-now to claim your reward.",1
Security Alert: Microsoft Office 365 password expiring today. Update now at http://microsoft-auth-service-portal.xyz.,1
Invoice Overdue: Please download the attachment and complete payment immediately at http://overdue-invoice-portal.top.,1
Your Amazon order has been suspended. Update your credit card at http://amazon-account-verify.info.,1
IT Helpdesk: Critical password reset required for all employees. Go to http://company-it-desk.tk.,1
Important Tax Document Available. Access your W2 form now at http://irs-tax-portal-online.biz.,1
"Hi Team, please find attached the meeting notes from yesterday's project sync. Best regards, Sarah.",0
Your monthly statement for account ending in 4321 is now available in your official online banking app.,0
Reminder: Annual company townhall scheduled for Thursday at 10 AM EST in Conference Room B.,0
Thanks for your order! Your tracking number is 1Z9999999999999999. Track package on official UPS portal.,0
"Security Alert: New login detected from Chrome on MacOS. If this was you, no action is needed.",0
Your weekly performance analytics report is ready for download in the HR internal dashboard.,0
"Hey, are we still meeting for lunch today at 12:30 PM?",0
Project update: Sprint retrospective results have been updated in Jira.,0
URGENT: Your bank account has been locked! Click http://login-secure-update-bank.com immediately to restore access.,1
Action Required: Verify your PayPal account credentials within 24 hours at http://192.168.1.1/login or your account will be suspended.,1
"Dear customer, you have won $10,000! Click here http://bit.ly/claim-prize-now to claim your reward.",1
Security Alert: Microsoft Office 365 password expiring today. Update now at http://microsoft-auth-service-portal.xyz.,1
Invoice Overdue: Please download the attachment and complete payment immediately at http://overdue-invoice-portal.top.,1
Your Amazon order has been suspended. Update your credit card at http://amazon-account-verify.info.,1
IT Helpdesk: Critical password reset required for all employees. Go to http://company-it-desk.tk.,1
Important Tax Document Available. Access your W2 form now at http://irs-tax-portal-online.biz.,1
"Hi Team, please find attached the meeting notes from yesterday's project sync. Best regards, Sarah.",0
Your monthly statement for account ending in 4321 is now available in your official online banking app.,0
Reminder: Annual company townhall scheduled for Thursday at 10 AM EST in Conference Room B.,0
Thanks for your order! Your tracking number is 1Z9999999999999999. Track package on official UPS portal.,0
"Security Alert: New login detected from Chrome on MacOS. If this was you, no action is needed.",0
Your weekly performance analytics report is ready for download in the HR internal dashboard.,0
"Hey, are we still meeting for lunch today at 12:30 PM?",0
Project update: Sprint retrospective results have been updated in Jira.,0
URGENT: Your bank account has been locked! Click http://login-secure-update-bank.com immediately to restore access.,1
Action Required: Verify your PayPal account credentials within 24 hours at http://192.168.1.1/login or your account will be suspended.,1
"Dear customer, you have won $10,000! Click here http://bit.ly/claim-prize-now to claim your reward.",1
Security Alert: Microsoft Office 365 password expiring today. Update now at http://microsoft-auth-service-portal.xyz.,1
Invoice Overdue: Please download the attachment and complete payment immediately at http://overdue-invoice-portal.top.,1
Your Amazon order has been suspended. Update your credit card at http://amazon-account-verify.info.,1
IT Helpdesk: Critical password reset required for all employees. Go to http://company-it-desk.tk.,1
Important Tax Document Available. Access your W2 form now at http://irs-tax-portal-online.biz.,1
"Hi Team, please find attached the meeting notes from yesterday's project sync. Best regards, Sarah.",0
Your monthly statement for account ending in 4321 is now available in your official online banking app.,0
Reminder: Annual company townhall scheduled for Thursday at 10 AM EST in Conference Room B.,0
Thanks for your order! Your tracking number is 1Z9999999999999999. Track package on official UPS portal.,0
"Security Alert: New login detected from Chrome on MacOS. If this was you, no action is needed.",0
Your weekly performance analytics report is ready for download in the HR internal dashboard.,0
"Hey, are we still meeting for lunch today at 12:30 PM?",0
Project update: Sprint retrospective results have been updated in Jira.,0
URGENT: Your bank account has been locked! Click http://login-secure-update-bank.com immediately to restore access.,1
Action Required: Verify your PayPal account credentials within 24 hours at http://192.168.1.1/login or your account will be suspended.,1
"Dear customer, you have won $10,000! Click here http://bit.ly/claim-prize-now to claim your reward.",1
Security Alert: Microsoft Office 365 password expiring today. Update now at http://microsoft-auth-service-portal.xyz.,1
Invoice Overdue: Please download the attachment and complete payment immediately at http://overdue-invoice-portal.top.,1
Your Amazon order has been suspended. Update your credit card at http://amazon-account-verify.info.,1
IT Helpdesk: Critical password reset required for all employees. Go to http://company-it-desk.tk.,1
Important Tax Document Available. Access your W2 form now at http://irs-tax-portal-online.biz.,1
"Hi Team, please find attached the meeting notes from yesterday's project sync. Best regards, Sarah.",0
Your monthly statement for account ending in 4321 is now available in your official online banking app.,0
Reminder: Annual company townhall scheduled for Thursday at 10 AM EST in Conference Room B.,0
Thanks for your order! Your tracking number is 1Z9999999999999999. Track package on official UPS portal.,0
"Security Alert: New login detected from Chrome on MacOS. If this was you, no action is needed.",0
Your weekly performance analytics report is ready for download in the HR internal dashboard.,0
"Hey, are we still meeting for lunch today at 12:30 PM?",0
Project update: Sprint retrospective results have been updated in Jira.,0
URGENT: Your bank account has been locked! Click http://login-secure-update-bank.com immediately to restore access.,1
Action Required: Verify your PayPal account credentials within 24 hours at http://192.168.1.1/login or your account will be suspended.,1
"Dear customer, you have won $10,000! Click here http://bit.ly/claim-prize-now to claim your reward.",1
Security Alert: Microsoft Office 365 password expiring today. Update now at http://microsoft-auth-service-portal.xyz.,1
Invoice Overdue: Please download the attachment and complete payment immediately at http://overdue-invoice-portal.top.,1
Your Amazon order has been suspended. Update your credit card at http://amazon-account-verify.info.,1
IT Helpdesk: Critical password reset required for all employees. Go to http://company-it-desk.tk.,1
Important Tax Document Available. Access your W2 form now at http://irs-tax-portal-online.biz.,1
"Hi Team, please find attached the meeting notes from yesterday's project sync. Best regards, Sarah.",0
Your monthly statement for account ending in 4321 is now available in your official online banking app.,0
Reminder: Annual company townhall scheduled for Thursday at 10 AM EST in Conference Room B.,0
Thanks for your order! Your tracking number is 1Z9999999999999999. Track package on official UPS portal.,0
"Security Alert: New login detected from Chrome on MacOS. If this was you, no action is needed.",0
Your weekly performance analytics report is ready for download in the HR internal dashboard.,0
"Hey, are we still meeting for lunch today at 12:30 PM?",0
Project update: Sprint retrospective results have been updated in Jira.,0
URGENT: Your bank account has been locked! Click http://login-secure-update-bank.com immediately to restore access.,1
Action Required: Verify your PayPal account credentials within 24 hours at http://192.168.1.1/login or your account will be suspended.,1
"Dear customer, you have won $10,000! Click here http://bit.ly/claim-prize-now to claim your reward.",1
Security Alert: Microsoft Office 365 password expiring today. Update now at http://microsoft-auth-service-portal.xyz.,1
Invoice Overdue: Please download the attachment and complete payment immediately at http://overdue-invoice-portal.top.,1
Your Amazon order has been suspended. Update your credit card at http://amazon-account-verify.info.,1
IT Helpdesk: Critical password reset required for all employees. Go to http://company-it-desk.tk.,1
Important Tax Document Available. Access your W2 form now at http://irs-tax-portal-online.biz.,1
"Hi Team, please find attached the meeting notes from yesterday's project sync. Best regards, Sarah.",0
Your monthly statement for account ending in 4321 is now available in your official online banking app.,0
Reminder: Annual company townhall scheduled for Thursday at 10 AM EST in Conference Room B.,0
Thanks for your order! Your tracking number is 1Z9999999999999999. Track package on official UPS portal.,0
"Security Alert: New login detected from Chrome on MacOS. If this was you, no action is needed.",0
Your weekly performance analytics report is ready for download in the HR internal dashboard.,0
"Hey, are we still meeting for lunch today at 12:30 PM?",0
Project update: Sprint retrospective results have been updated in Jira.,0
URGENT: Your bank account has been locked! Click http://login-secure-update-bank.com immediately to restore access.,1
Action Required: Verify your PayPal account credentials within 24 hours at http://192.168.1.1/login or your account will be suspended.,1
"Dear customer, you have won $10,000! Click here http://bit.ly/claim-prize-now to claim your reward.",1
Security Alert: Microsoft Office 365 password expiring today. Update now at http://microsoft-auth-service-portal.xyz.,1
Invoice Overdue: Please download the attachment and complete payment immediately at http://overdue-invoice-portal.top.,1
Your Amazon order has been suspended. Update your credit card at http://amazon-account-verify.info.,1
IT Helpdesk: Critical password reset required for all employees. Go to http://company-it-desk.tk.,1
Important Tax Document Available. Access your W2 form now at http://irs-tax-portal-online.biz.,1
"Hi Team, please find attached the meeting notes from yesterday's project sync. Best regards, Sarah.",0
Your monthly statement for account ending in 4321 is now available in your official online banking app.,0
Reminder: Annual company townhall scheduled for Thursday at 10 AM EST in Conference Room B.,0
Thanks for your order! Your tracking number is 1Z9999999999999999. Track package on official UPS portal.,0
"Security Alert: New login detected from Chrome on MacOS. If this was you, no action is needed.",0
Your weekly performance analytics report is ready for download in the HR internal dashboard.,0
"Hey, are we still meeting for lunch today at 12:30 PM?",0
Project update: Sprint retrospective results have been updated in Jira.,0
URGENT: Your bank account has been locked! Click http://login-secure-update-bank.com immediately to restore access.,1
Action Required: Verify your PayPal account credentials within 24 hours at http://192.168.1.1/login or your account will be suspended.,1
"Dear customer, you have won $10,000! Click here http://bit.ly/claim-prize-now to claim your reward.",1
Security Alert: Microsoft Office 365 password expiring today. Update now at http://microsoft-auth-service-portal.xyz.,1
Invoice Overdue: Please download the attachment and complete payment immediately at http://overdue-invoice-portal.top.,1
Your Amazon order has been suspended. Update your credit card at http://amazon-account-verify.info.,1
IT Helpdesk: Critical password reset required for all employees. Go to http://company-it-desk.tk.,1
Important Tax Document Available. Access your W2 form now at http://irs-tax-portal-online.biz.,1
"Hi Team, please find attached the meeting notes from yesterday's project sync. Best regards, Sarah.",0
Your monthly statement for account ending in 4321 is now available in your official online banking app.,0
Reminder: Annual company townhall scheduled for Thursday at 10 AM EST in Conference Room B.,0
Thanks for your order! Your tracking number is 1Z9999999999999999. Track package on official UPS portal.,0
"Security Alert: New login detected from Chrome on MacOS. If this was you, no action is needed.",0
Your weekly performance analytics report is ready for download in the HR internal dashboard.,0
"Hey, are we still meeting for lunch today at 12:30 PM?",0
Project update: Sprint retrospective results have been updated in Jira.,0
URGENT: Your bank account has been locked! Click http://login-secure-update-bank.com immediately to restore access.,1
Action Required: Verify your PayPal account credentials within 24 hours at http://192.168.1.1/login or your account will be suspended.,1
"Dear customer, you have won $10,000! Click here http://bit.ly/claim-prize-now to claim your reward.",1
Security Alert: Microsoft Office 365 password expiring today. Update now at http://microsoft-auth-service-portal.xyz.,1
Invoice Overdue: Please download the attachment and complete payment immediately at http://overdue-invoice-portal.top.,1
Your Amazon order has been suspended. Update your credit card at http://amazon-account-verify.info.,1
IT Helpdesk: Critical password reset required for all employees. Go to http://company-it-desk.tk.,1
Important Tax Document Available. Access your W2 form now at http://irs-tax-portal-online.biz.,1
"Hi Team, please find attached the meeting notes from yesterday's project sync. Best regards, Sarah.",0
Your monthly statement for account ending in 4321 is now available in your official online banking app.,0
Reminder: Annual company townhall scheduled for Thursday at 10 AM EST in Conference Room B.,0
Thanks for your order! Your tracking number is 1Z9999999999999999. Track package on official UPS portal.,0
"Security Alert: New login detected from Chrome on MacOS. If this was you, no action is needed.",0
Your weekly performance analytics report is ready for download in the HR internal dashboard.,0
"Hey, are we still meeting for lunch today at 12:30 PM?",0
Project update: Sprint retrospective results have been updated in Jira.,0
URGENT: Your bank account has been locked! Click http://login-secure-update-bank.com immediately to restore access.,1
Action Required: Verify your PayPal account credentials within 24 hours at http://192.168.1.1/login or your account will be suspended.,1
"Dear customer, you have won $10,000! Click here http://bit.ly/claim-prize-now to claim your reward.",1
Security Alert: Microsoft Office 365 password expiring today. Update now at http://microsoft-auth-service-portal.xyz.,1
Invoice Overdue: Please download the attachment and complete payment immediately at http://overdue-invoice-portal.top.,1
Your Amazon order has been suspended. Update your credit card at http://amazon-account-verify.info.,1
IT Helpdesk: Critical password reset required for all employees. Go to http://company-it-desk.tk.,1
Important Tax Document Available. Access your W2 form now at http://irs-tax-portal-online.biz.,1
"Hi Team, please find attached the meeting notes from yesterday's project sync. Best regards, Sarah.",0
Your monthly statement for account ending in 4321 is now available in your official online banking app.,0
Reminder: Annual company townhall scheduled for Thursday at 10 AM EST in Conference Room B.,0
Thanks for your order! Your tracking number is 1Z9999999999999999. Track package on official UPS portal.,0
"Security Alert: New login detected from Chrome on MacOS. If this was you, no action is needed.",0
Your weekly performance analytics report is ready for download in the HR internal dashboard.,0
"Hey, are we still meeting for lunch today at 12:30 PM?",0
Project update: Sprint retrospective results have been updated in Jira.,0
